{
  "project_info": {
    "project_number": "391737917624",
    "firebase_url": "https://restaurantpj-7d446.firebaseio.com",
    "project_id": "restaurantpj-7d446",
    "storage_bucket": "restaurantpj-7d446.appspot.com"
  },
  "client": [
    {
      "client_info": {
        "mobilesdk_app_id": "1:391737917624:android:6bff2f30f1beec91",
        "android_client_info": {
          "package_name": "com.example.restaurant"
        }
      },
      "oauth_client": [
        {
          "client_id": "391737917624-b52a0qh9a66eisojgegngo33a0ruqd3l.apps.googleusercontent.com",
          "client_type": 3
        }
      ],
      "api_key": [
        {
          "current_key": "AIzaSyACg-3LGNtHR7jqDS7Sru9k0B2awgNZPs8"
        }
      ],
      "services": {
        "analytics_service": {
          "status": 1
        },
        "appinvite_service": {
          "status": 1,
          "other_platform_oauth_client": []
        },
        "ads_service": {
          "status": 2
        }
      }
    }
  ],
  "configuration_version": "1"
}